,mean
"Плотность, кг/м3",1974.0400234046285
"модуль упругости, ГПа",738.2476267605844
"Количество отвердителя, м.%",110.91621571054402
"Содержание эпоксидных групп,%_2",22.209030470486
"Температура вспышки, С_2",286.0404142480436
"Поверхностная плотность, г/м2",482.9939014162408
"Модуль упругости при растяжении, ГПа",73.30512659759599
"Прочность при растяжении, МПа",2467.4888220120674
"Потребление смолы, г/м2",217.61337420042503
"Угол нашивки, град",46.05769230769231
Шаг нашивки,6.9155845997051335
Плотность нашивки,57.45189502312981
