,Минимум до,Максимум до,Минимум после,Максимум после
Соотношение матрица-наполнитель,0.547,5.314,0.0,1.0
"Плотность, кг/м3",1784.482,2161.565,0.0,1.0
"модуль упругости, ГПа",2.437,1649.416,0.0,1.0
"Количество отвердителя, м.%",38.669,181.828,0.0,1.0
"Содержание эпоксидных групп,%_2",15.696,28.955,0.0,1.0
"Температура вспышки, С_2",179.374,386.068,0.0,1.0
"Поверхностная плотность, г/м2",0.604,1291.34,0.0,1.0
"Модуль упругости при растяжении, ГПа",65.553,81.417,0.0,1.0
"Прочность при растяжении, МПа",1250.393,3705.673,0.0,1.0
"Потребление смолы, г/м2",63.686,359.052,0.0,1.0
"Угол нашивки, град",0.0,90.0,0.0,1.0
Шаг нашивки,0.038,13.732,0.0,1.0
Плотность нашивки,27.273,86.012,0.0,1.0
