,Среднее,Медиана,Минимум,Максимум
Соотношение матрица-наполнитель,2.93,2.907,0.389,5.592
"Плотность, кг/м3",1975.735,1977.622,1731.765,2207.773
"модуль упругости, ГПа",739.923,739.664,2.437,1911.536
"Количество отвердителя, м.%",110.571,110.565,17.74,198.953
"Содержание эпоксидных групп,%_2",22.244,22.231,14.255,33.0
"Температура вспышки, С_2",285.882,285.897,100.0,413.273
"Поверхностная плотность, г/м2",482.732,451.864,0.604,1399.542
"Модуль упругости при растяжении, ГПа",73.329,73.269,64.054,82.682
"Прочность при растяжении, МПа",2466.923,2459.525,1036.857,3848.437
"Потребление смолы, г/м2",218.423,219.199,33.803,414.591
"Угол нашивки, град",44.252,0.0,0.0,90.0
Шаг нашивки,6.899,6.916,0.0,14.441
Плотность нашивки,57.154,57.342,0.0,103.989
